production_item_id;first_cut_length;intermediate_cut_length;length;actual_length;creation_date;modification_date;Status;cutting_slip_id;Shape;Profile;spceLenght;weight_lbs_per_foot;width;StartDateTime;EndDateTime;DateDiff;prod_date;prod_day;start_time;end_time;prod_delta_s;bridge_s
9;100;10;2743.2;2991;2021-11-17 18:00;2021-11-17 18:06;COMPLETED;9;L3x3x1;Angle;2209.80005;1.42;62.9;2021-11-17 18:02;2021-11-17 18:05;3       ;2021-11-17;17;18:02:07;18:05:54;227.41;0
11;10;10;6096;6207;2021-11-18 14:18;2021-11-18 14:28;COMPLETED;11;L;Angle;2209.80005;1.42;62.9;2021-11-18 14:19;2021-11-18 14:24;5       ;2021-11-18;18;14:19:49;14:24:40;290.47;0
11;10;10;6096;6207;2021-11-18 14:18;2021-11-18 14:28;COMPLETED;11;L;Angle;2209.80005;1.42;62.9;2021-11-18 14:24;2021-11-18 14:28;4       ;2021-11-18;18;14:24:40;14:28:37;236.96;0
12;10;10;6096;6157;2021-11-18 14:39;2021-11-18 14:49;COMPLETED;12;L;Angle;2209.80005;1.42;62.9;2021-11-18 14:40;2021-11-18 14:44;4       ;2021-11-18;18;14:40:58;14:44:49;231.61;741.042
12;10;10;6096;6157;2021-11-18 14:39;2021-11-18 14:49;COMPLETED;12;L;Angle;2209.80005;1.42;62.9;2021-11-18 14:44;2021-11-18 14:48;4       ;2021-11-18;18;14:44:49;14:48:49;239.40;0
13;10;10;6096;6182;2021-11-18 14:59;2021-11-18 15:08;COMPLETED;13;L;Angle;2209.80005;1.42;62.9;2021-11-18 15:04;2021-11-18 15:07;3       ;2021-11-18;18;15:04:01;15:07:58;236.97;912.0340002
15;10;10;6096;6178;2021-11-18 15:27;2021-11-18 15:36;COMPLETED;15;L;Angle;2209.80005;1.42;62.9;2021-11-18 15:28;2021-11-18 15:32;4       ;2021-11-18;18;15:28:23;15:32:13;229.20;1225.824
15;10;10;6096;6178;2021-11-18 15:27;2021-11-18 15:36;COMPLETED;15;L;Angle;2209.80005;1.42;62.9;2021-11-18 15:32;2021-11-18 15:36;4       ;2021-11-18;18;15:32:13;15:36:10;237.59;0
16;10;10;6096;6176;2021-11-18 15:39;2021-11-18 15:49;COMPLETED;16;L;Angle;2209.80005;1.42;62.9;2021-11-18 15:41;2021-11-18 15:45;4       ;2021-11-18;18;15:41:29;15:45:18;228.53;319.1970001
16;10;10;6096;6176;2021-11-18 15:39;2021-11-18 15:49;COMPLETED;16;L;Angle;2209.80005;1.42;62.9;2021-11-18 15:45;2021-11-18 15:49;4       ;2021-11-18;18;15:45:18;15:49:16;237.55;0
18;10;10;6096;6187;2021-11-18 16:17;2021-11-18 17:06;COMPLETED;18;L;Angle;2209.80005;1.42;62.9;2021-11-18 16:58;2021-11-18 17:02;4       ;2021-11-18;18;16:58:11;17:02:02;231.63;4135.207
18;10;10;6096;6187;2021-11-18 16:17;2021-11-18 17:06;COMPLETED;18;L;Angle;2209.80005;1.42;62.9;2021-11-18 17:02;2021-11-18 17:06;4       ;2021-11-18;18;17:02:02;17:06:25;262.25;0
21;10;10;6096;6174;2021-11-19 08:25;2021-11-19 08:37;COMPLETED;21;L;Angle;2209.80005;1.42;62.9;2021-11-19 08:26;2021-11-19 08:32;6       ;2021-11-19;19;08:26:55;08:32:42;347.46;0
21;10;10;6096;6174;2021-11-19 08:25;2021-11-19 08:37;COMPLETED;21;L;Angle;2209.80005;1.42;62.9;2021-11-19 08:32;2021-11-19 08:36;4       ;2021-11-19;19;08:32:42;08:36:39;236.35;0
22;10;10;6096;6171;2021-11-19 08:38;2021-11-19 08:54;COMPLETED;22;L;Angle;2209.80005;1.42;62.9;2021-11-19 08:46;2021-11-19 08:50;4       ;2021-11-19;19;08:46:44;08:50:33;229.19;605.4000003
22;10;10;6096;6171;2021-11-19 08:38;2021-11-19 08:54;COMPLETED;22;L;Angle;2209.80005;1.42;62.9;2021-11-19 08:50;2021-11-19 08:54;4       ;2021-11-19;19;08:50:33;08:54:30;237.03;0
23;10;10;6096;6184;2021-11-19 09:08;2021-11-19 09:18;COMPLETED;23;L;Angle;2209.80005;1.42;62.9;2021-11-19 09:09;2021-11-19 09:13;4       ;2021-11-19;19;09:09:52;09:13:43;231.00;922.1829997
23;10;10;6096;6184;2021-11-19 09:08;2021-11-19 09:18;COMPLETED;23;L;Angle;2209.80005;1.42;62.9;2021-11-19 09:13;2021-11-19 09:17;4       ;2021-11-19;19;09:13:43;09:17:39;235.23;0
27;10;10;6096;6180;2021-11-19 09:29;2021-11-19 09:51;COMPLETED;27;L;Angle;2006.59998;1.42;62.9;2021-11-19 09:30;2021-11-19 09:38;8       ;2021-11-19;19;09:30:46;09:38:40;474.55;787.2450001
27;10;10;6096;6180;2021-11-19 09:29;2021-11-19 09:51;COMPLETED;27;L;Angle;2006.59998;1.42;62.9;2021-11-19 09:38;2021-11-19 09:46;8       ;2021-11-19;19;09:38:40;09:46:50;489.57;0
27;10;10;6096;6180;2021-11-19 09:29;2021-11-19 09:51;COMPLETED;27;L;Angle;2006.59998;1.42;62.9;2021-11-19 09:46;2021-11-19 09:51;5       ;2021-11-19;19;09:46:50;09:51:02;252.01;0
28;10;10;6096;6173;2021-11-19 10:47;2021-11-19 11:04;COMPLETED;28;L;Angle;2006.59998;1.42;62.9;2021-11-19 10:48;2021-11-19 10:52;4       ;2021-11-19;19;10:48:58;10:52:51;232.85;3476.449
28;10;10;6096;6173;2021-11-19 10:47;2021-11-19 11:04;COMPLETED;28;L;Angle;2006.59998;1.42;62.9;2021-11-19 10:52;2021-11-19 10:57;5       ;2021-11-19;19;10:52:51;10:57:09;257.37;0
28;10;10;6096;6173;2021-11-19 10:47;2021-11-19 11:04;COMPLETED;28;L;Angle;2006.59998;1.42;62.9;2021-11-19 10:57;2021-11-19 11:03;6       ;2021-11-19;19;10:57:09;11:03:42;392.98;0
29;10;10;6096;6162;2021-11-19 11:05;2021-11-19 11:23;COMPLETED;29;L;Angle;2006.59998;1.42;62.9;2021-11-19 11:06;2021-11-19 11:10;4       ;2021-11-19;19;11:06:48;11:10:37;229.78;186.0080002
29;10;10;6096;6162;2021-11-19 11:05;2021-11-19 11:23;COMPLETED;29;L;Angle;2006.59998;1.42;62.9;2021-11-19 11:10;2021-11-19 11:15;5       ;2021-11-19;19;11:10:37;11:15:52;314.40;0
29;10;10;6096;6162;2021-11-19 11:05;2021-11-19 11:23;COMPLETED;29;L;Angle;2006.59998;1.42;62.9;2021-11-19 11:15;2021-11-19 11:23;8       ;2021-11-19;19;11:15:52;11:23:03;431.42;0
30;10;10;6096;6184;2021-11-19 11:24;2021-11-19 11:44;COMPLETED;30;L;Angle;2006.59998;1.42;62.9;2021-11-19 11:27;2021-11-19 11:32;5       ;2021-11-19;19;11:27:57;11:32:31;274.22;293.3599998
30;10;10;6096;6184;2021-11-19 11:24;2021-11-19 11:44;COMPLETED;30;L;Angle;2006.59998;1.42;62.9;2021-11-19 11:32;2021-11-19 11:36;4       ;2021-11-19;19;11:32:31;11:36:46;255.64;0
30;10;10;6096;6184;2021-11-19 11:24;2021-11-19 11:44;COMPLETED;30;L;Angle;2006.59998;1.42;62.9;2021-11-19 11:36;2021-11-19 11:43;7       ;2021-11-19;19;11:36:46;11:43:57;430.20;0
30005;9.525;9.525;12192;12238;2022-07-08 10:39;2022-07-17 06:27;COMPLETED;30005;C8X11.5;Channel;2988;11.34;203.2;2022-07-08 10:40;2022-07-08 10:47;7       ;2022-07-08;8;10:40:22;10:47:32;430.14;0
30005;9.525;9.525;12192;12238;2022-07-08 10:39;2022-07-17 06:27;COMPLETED;30005;C8X11.5;Channel;2988;11.34;203.2;2022-07-08 10:47;2022-07-08 10:54;7       ;2022-07-08;8;10:47:32;10:54:15;403.78;0
30005;9.525;9.525;12192;12238;2022-07-08 10:39;2022-07-17 06:27;COMPLETED;30005;C8X11.5;Channel;2988;11.34;203.2;2022-07-08 10:54;2022-07-08 11:02;8       ;2022-07-08;8;10:54:16;11:02:32;496.18;0
30005;9.525;9.525;12192;12238;2022-07-08 10:39;2022-07-17 06:27;COMPLETED;30005;C8X11.5;Channel;2988;11.34;203.2;2022-07-08 11:02;2022-07-08 11:18;16      ;2022-07-08;8;11:02:32;11:18:31;959.44;0
30006;9.525;9.525;12192;12237;2022-07-08 11:19;2022-07-17 06:27;DISCARDED;30006;C8X11.5;Channel;2988;11.34;203.2;2022-07-08 11:21;2022-07-08 11:30;9       ;2022-07-08;8;11:21:08;11:30:05;537.06;156.5520005
30006;9.525;9.525;12192;12237;2022-07-08 11:19;2022-07-17 06:27;DISCARDED;30006;C8X11.5;Channel;2988;11.34;203.2;2022-07-08 11:30;2022-07-08 11:36;6       ;2022-07-08;8;11:30:05;11:36:44;399.53;0
30006;9.525;9.525;12192;12237;2022-07-08 11:19;2022-07-17 06:27;DISCARDED;30006;C8X11.5;Channel;2988;11.34;203.2;2022-07-08 11:36;2022-07-08 11:45;9       ;2022-07-08;8;11:36:44;11:45:29;524.33;0
30007;9.525;9.525;12192;12235;2022-07-08 13:00;2022-07-17 06:27;COMPLETED;30007;C8X11.5;Channel;2988;11.34;203.2;2022-07-08 13:01;2022-07-08 13:08;7       ;2022-07-08;8;13:01:56;13:08:09;372.56;4587.622
30007;9.525;9.525;12192;12235;2022-07-08 13:00;2022-07-17 06:27;COMPLETED;30007;C8X11.5;Channel;2988;11.34;203.2;2022-07-08 13:08;2022-07-08 13:14;6       ;2022-07-08;8;13:08:09;13:14:35;385.83;0
30007;9.525;9.525;12192;12235;2022-07-08 13:00;2022-07-17 06:27;COMPLETED;30007;C8X11.5;Channel;2988;11.34;203.2;2022-07-08 13:14;2022-07-08 13:42;28      ;2022-07-08;8;13:14:35;13:42:26;1671.01;0
30007;9.525;9.525;12192;12235;2022-07-08 13:00;2022-07-17 06:27;COMPLETED;30007;C8X11.5;Channel;2988;11.34;203.2;2022-07-08 13:42;2022-07-08 14:02;20      ;2022-07-08;8;13:42:26;14:02:50;1223.95;0
30008;9.525;9.525;12192;12242;2022-07-08 14:04;2022-07-17 06:27;COMPLETED;30008;C8X11.5;Channel;2988;11.34;203.2;2022-07-08 14:05;2022-07-08 14:11;6       ;2022-07-08;8;14:05:29;14:11:44;374.96;159.0039995
30008;9.525;9.525;12192;12242;2022-07-08 14:04;2022-07-17 06:27;COMPLETED;30008;C8X11.5;Channel;2988;11.34;203.2;2022-07-08 14:11;2022-07-08 14:17;6       ;2022-07-08;8;14:11:44;14:17:47;363.05;0
30008;9.525;9.525;12192;12242;2022-07-08 14:04;2022-07-17 06:27;COMPLETED;30008;C8X11.5;Channel;2988;11.34;203.2;2022-07-08 14:17;2022-07-08 14:28;11      ;2022-07-08;8;14:17:47;14:28:07;620.41;0
30008;9.525;9.525;12192;12242;2022-07-08 14:04;2022-07-17 06:27;COMPLETED;30008;C8X11.5;Channel;2988;11.34;203.2;2022-07-08 14:28;2022-07-08 14:46;18      ;2022-07-08;8;14:28:07;14:46:05;1077.53;0
30009;9.525;9.525;12192;12231;2022-07-08 14:56;2022-07-17 06:27;COMPLETED;30009;C8X11.5;Channel;2988;11.34;203.2;2022-07-08 14:57;2022-07-08 15:04;7       ;2022-07-08;8;14:57:41;15:04:25;403.85;696.5890004
30009;9.525;9.525;12192;12231;2022-07-08 14:56;2022-07-17 06:27;COMPLETED;30009;C8X11.5;Channel;2988;11.34;203.2;2022-07-08 15:04;2022-07-08 15:10;6       ;2022-07-08;8;15:04:25;15:10:32;366.57;0
30009;9.525;9.525;12192;12231;2022-07-08 14:56;2022-07-17 06:27;COMPLETED;30009;C8X11.5;Channel;2988;11.34;203.2;2022-07-08 15:10;2022-07-08 15:16;6       ;2022-07-08;8;15:10:32;15:16:28;355.79;0
30009;9.525;9.525;12192;12231;2022-07-08 14:56;2022-07-17 06:27;COMPLETED;30009;C8X11.5;Channel;2988;11.34;203.2;2022-07-08 15:16;2022-07-08 15:23;7       ;2022-07-08;8;15:16:28;15:23:10;402.53;0
30010;9.525;9.525;12192;12239;2022-07-08 15:25;2022-07-17 06:27;COMPLETED;30010;C8X11.5;Channel;2988;11.34;203.2;2022-07-08 15:26;2022-07-08 15:33;7       ;2022-07-08;8;15:26:57;15:33:15;378.02;226.7289999
30010;9.525;9.525;12192;12239;2022-07-08 15:25;2022-07-17 06:27;COMPLETED;30010;C8X11.5;Channel;2988;11.34;203.2;2022-07-08 15:33;2022-07-08 15:39;6       ;2022-07-08;8;15:33:15;15:39:20;365.41;0
30010;9.525;9.525;12192;12239;2022-07-08 15:25;2022-07-17 06:27;COMPLETED;30010;C8X11.5;Channel;2988;11.34;203.2;2022-07-08 15:39;2022-07-08 15:45;6       ;2022-07-08;8;15:39:20;15:45:22;361.83;0
30010;9.525;9.525;12192;12239;2022-07-08 15:25;2022-07-17 06:27;COMPLETED;30010;C8X11.5;Channel;2988;11.34;203.2;2022-07-08 15:45;2022-07-08 15:52;7       ;2022-07-08;8;15:45:22;15:52:02;400.16;0
40005;9.525;9.525;12192;12236;2022-07-09 06:10;2022-07-17 06:27;COMPLETED;40005;C8X11.5;Channel;2988;11.34;203.2;2022-07-09 06:19;2022-07-09 06:40;21      ;2022-07-09;9;06:19:12;06:40:24;1272.04;0
40005;9.525;9.525;12192;12236;2022-07-09 06:10;2022-07-17 06:27;COMPLETED;40005;C8X11.5;Channel;2988;11.34;203.2;2022-07-09 06:40;2022-07-09 06:48;8       ;2022-07-09;9;06:40:25;06:48:01;456.58;0
40005;9.525;9.525;12192;12236;2022-07-09 06:10;2022-07-17 06:27;COMPLETED;40005;C8X11.5;Channel;2988;11.34;203.2;2022-07-09 06:48;2022-07-09 07:00;12      ;2022-07-09;9;06:48:01;07:00:25;743.33;0
40005;9.525;9.525;12192;12236;2022-07-09 06:10;2022-07-17 06:27;COMPLETED;40005;C8X11.5;Channel;2988;11.34;203.2;2022-07-09 07:00;2022-07-09 07:07;7       ;2022-07-09;9;07:00:25;07:07:13;408.62;0
40006;9.525;9.525;12192;12236;2022-07-09 07:08;2022-07-17 06:27;COMPLETED;40006;C8X11.5;Channel;2988;11.34;203.2;2022-07-09 07:09;2022-07-09 07:15;6       ;2022-07-09;9;07:09:38;07:15:42;363.56;145.2070001
40006;9.525;9.525;12192;12236;2022-07-09 07:08;2022-07-17 06:27;COMPLETED;40006;C8X11.5;Channel;2988;11.34;203.2;2022-07-09 07:15;2022-07-09 07:21;6       ;2022-07-09;9;07:15:42;07:21:47;365.36;0
40006;9.525;9.525;12192;12236;2022-07-09 07:08;2022-07-17 06:27;COMPLETED;40006;C8X11.5;Channel;2988;11.34;203.2;2022-07-09 07:21;2022-07-09 07:27;6       ;2022-07-09;9;07:21:47;07:27:51;363.58;0
40007;9.525;9.525;12192;12243;2022-07-09 07:35;2022-07-17 06:27;COMPLETED;40007;C8X11.5;Channel;2988;11.34;203.2;2022-07-09 07:36;2022-07-09 07:43;7       ;2022-07-09;9;07:36:49;07:43:01;372.02;537.5999997
40007;9.525;9.525;12192;12243;2022-07-09 07:35;2022-07-17 06:27;COMPLETED;40007;C8X11.5;Channel;2988;11.34;203.2;2022-07-09 07:43;2022-07-09 07:49;6       ;2022-07-09;9;07:43:01;07:49:01;360.55;0
40007;9.525;9.525;12192;12243;2022-07-09 07:35;2022-07-17 06:27;COMPLETED;40007;C8X11.5;Channel;2988;11.34;203.2;2022-07-09 07:49;2022-07-09 07:55;6       ;2022-07-09;9;07:49:01;07:55:04;363.07;0
40007;9.525;9.525;12192;12243;2022-07-09 07:35;2022-07-17 06:27;COMPLETED;40007;C8X11.5;Channel;2988;11.34;203.2;2022-07-09 07:55;2022-07-09 08:01;6       ;2022-07-09;9;07:55:04;08:01:39;394.76;0
40008;9.525;9.525;12192;12244;2022-07-09 08:02;2022-07-17 06:27;COMPLETED;40008;C8X11.5;Channel;2988;11.34;203.2;2022-07-09 08:15;2022-07-09 08:23;8       ;2022-07-09;9;08:15:59;08:23:34;454.85;859.7679999
40008;9.525;9.525;12192;12244;2022-07-09 08:02;2022-07-17 06:27;COMPLETED;40008;C8X11.5;Channel;2988;11.34;203.2;2022-07-09 08:23;2022-07-09 08:30;7       ;2022-07-09;9;08:23:34;08:30:24;410.29;0
40008;9.525;9.525;12192;12244;2022-07-09 08:02;2022-07-17 06:27;COMPLETED;40008;C8X11.5;Channel;2988;11.34;203.2;2022-07-09 08:30;2022-07-09 08:36;6       ;2022-07-09;9;08:30:25;08:36:49;384.60;0
40008;9.525;9.525;12192;12244;2022-07-09 08:02;2022-07-17 06:27;COMPLETED;40008;C8X11.5;Channel;2988;11.34;203.2;2022-07-09 08:36;2022-07-09 08:45;9       ;2022-07-09;9;08:36:49;08:45:59;549.58;0
60019;9.525;9.525;12192;12242;2022-07-15 06:37;2022-07-18 16:04;COMPLETED;60019;C8X11.5;Channel;2988;11.34;203.2;2022-07-15 06:39;2022-07-15 06:56;17      ;2022-07-15;15;06:39:18;06:56:40;1042.27;0
60019;9.525;9.525;12192;12242;2022-07-15 06:37;2022-07-18 16:04;COMPLETED;60019;C8X11.5;Channel;2988;11.34;203.2;2022-07-15 06:56;2022-07-15 07:02;6       ;2022-07-15;15;06:56:40;07:02:43;362.96;0
60019;9.525;9.525;12192;12242;2022-07-15 06:37;2022-07-18 16:04;COMPLETED;60019;C8X11.5;Channel;2988;11.34;203.2;2022-07-15 07:02;2022-07-15 07:08;6       ;2022-07-15;15;07:02:43;07:08:46;363.56;0
60019;9.525;9.525;12192;12242;2022-07-15 06:37;2022-07-18 16:04;COMPLETED;60019;C8X11.5;Channel;2988;11.34;203.2;2022-07-15 07:08;2022-07-15 07:16;8       ;2022-07-15;15;07:08:46;07:16:41;474.68;0
60020;9.525;9.525;12192;12234;2022-07-15 07:22;2022-07-18 09:20;COMPLETED;60020;C8X11.5;Channel;2988;11.34;203.2;2022-07-15 07:24;2022-07-15 07:38;14      ;2022-07-15;15;07:24:37;07:38:01;804.56;475.7839996
60020;9.525;9.525;12192;12234;2022-07-15 07:22;2022-07-18 09:20;COMPLETED;60020;C8X11.5;Channel;2988;11.34;203.2;2022-07-15 07:38;2022-07-15 07:44;6       ;2022-07-15;15;07:38:01;07:44:08;366.62;0
60020;9.525;9.525;12192;12234;2022-07-15 07:22;2022-07-18 09:20;COMPLETED;60020;C8X11.5;Channel;2988;11.34;203.2;2022-07-15 07:44;2022-07-15 08:05;21      ;2022-07-15;15;07:44:08;08:05:33;1285.20;0
60020;9.525;9.525;12192;12234;2022-07-15 07:22;2022-07-18 09:20;COMPLETED;60020;C8X11.5;Channel;2988;11.34;203.2;2022-07-15 08:05;2022-07-15 08:11;6       ;2022-07-15;15;08:05:33;08:11:40;366.54;0
60021;9.525;9.525;12192;12242;2022-07-15 08:21;2022-07-18 09:20;COMPLETED;60021;C8X11.5;Channel;2988;11.34;203.2;2022-07-15 08:23;2022-07-15 08:29;6       ;2022-07-15;15;08:23:37;08:29:55;378.00;717.6199999
60021;9.525;9.525;12192;12242;2022-07-15 08:21;2022-07-18 09:20;COMPLETED;60021;C8X11.5;Channel;2988;11.34;203.2;2022-07-15 08:29;2022-07-15 09:17;48      ;2022-07-15;15;08:29:55;09:17:39;2863.18;0
60021;9.525;9.525;12192;12242;2022-07-15 08:21;2022-07-18 09:20;COMPLETED;60021;C8X11.5;Channel;2988;11.34;203.2;2022-07-15 09:17;2022-07-15 09:23;6       ;2022-07-15;15;09:17:39;09:23:48;369.57;0
60021;9.525;9.525;12192;12242;2022-07-15 08:21;2022-07-18 09:20;COMPLETED;60021;C8X11.5;Channel;2988;11.34;203.2;2022-07-15 09:23;2022-07-15 09:29;6       ;2022-07-15;15;09:23:48;09:29:51;362.37;0
60022;9.525;9.525;12192;12240;2022-07-15 10:14;2022-07-18 09:20;COMPLETED;60022;C8X11.5;Channel;2988;11.34;203.2;2022-07-15 10:16;2022-07-15 10:22;6       ;2022-07-15;15;10:16:10;10:22:19;369.03;2779.152
60022;9.525;9.525;12192;12240;2022-07-15 10:14;2022-07-18 09:20;COMPLETED;60022;C8X11.5;Channel;2988;11.34;203.2;2022-07-15 10:22;2022-07-15 10:29;7       ;2022-07-15;15;10:22:19;10:29:12;412.90;0
60022;9.525;9.525;12192;12240;2022-07-15 10:14;2022-07-18 09:20;COMPLETED;60022;C8X11.5;Channel;2988;11.34;203.2;2022-07-15 10:29;2022-07-15 10:52;23      ;2022-07-15;15;10:29:12;10:52:47;1415.29;0
60023;9.525;9.525;12192;12239;2022-07-15 11:03;2022-07-18 09:20;COMPLETED;60023;C8X11.5;Channel;2988;11.34;203.2;2022-07-15 11:04;2022-07-15 11:14;10      ;2022-07-15;15;11:04:18;11:14:33;615.02;691.1589994
60023;9.525;9.525;12192;12239;2022-07-15 11:03;2022-07-18 09:20;COMPLETED;60023;C8X11.5;Channel;2988;11.34;203.2;2022-07-15 11:14;2022-07-15 11:20;6       ;2022-07-15;15;11:14:34;11:20:42;368.45;0
60023;9.525;9.525;12192;12239;2022-07-15 11:03;2022-07-18 09:20;COMPLETED;60023;C8X11.5;Channel;2988;11.34;203.2;2022-07-15 11:20;2022-07-15 11:29;9       ;2022-07-15;15;11:20:42;11:29:11;508.74;0
60023;9.525;9.525;12192;12239;2022-07-15 11:03;2022-07-18 09:20;COMPLETED;60023;C8X11.5;Channel;2988;11.34;203.2;2022-07-15 11:29;2022-07-15 11:35;6       ;2022-07-15;15;11:29:12;11:35:18;366.68;0
60024;9.525;9.525;12192;12231;2022-07-15 11:41;2022-07-18 09:20;COMPLETED;60024;C8X11.5;Channel;2988;11.34;203.2;2022-07-15 11:42;2022-07-15 11:49;7       ;2022-07-15;15;11:42:58;11:49:41;402.64;460.1219995
60024;9.525;9.525;12192;12231;2022-07-15 11:41;2022-07-18 09:20;COMPLETED;60024;C8X11.5;Channel;2988;11.34;203.2;2022-07-15 11:49;2022-07-15 12:37;48      ;2022-07-15;15;11:49:41;12:37:40;2878.79;0
60024;9.525;9.525;12192;12231;2022-07-15 11:41;2022-07-18 09:20;COMPLETED;60024;C8X11.5;Channel;2988;11.34;203.2;2022-07-15 12:37;2022-07-15 12:48;11      ;2022-07-15;15;12:37:40;12:48:58;678.50;0
60024;9.525;9.525;12192;12231;2022-07-15 11:41;2022-07-18 09:20;COMPLETED;60024;C8X11.5;Channel;2988;11.34;203.2;2022-07-15 12:48;2022-07-15 13:01;13      ;2022-07-15;15;12:48:58;13:01:37;758.45;0
60025;9.525;9.525;12192;12230;2022-07-15 13:07;2022-07-18 09:20;COMPLETED;60025;C8X11.5;Channel;2988;11.34;203.2;2022-07-15 13:25;2022-07-15 13:27;2       ;2022-07-15;15;13:25:51;13:27:58;127.00;1453.669
60025;9.525;9.525;12192;12230;2022-07-15 13:07;2022-07-18 09:20;COMPLETED;60025;C8X11.5;Channel;2988;11.34;203.2;2022-07-15 13:27;2022-07-15 13:50;23      ;2022-07-15;15;13:27:58;13:50:02;1324.24;0
60025;9.525;9.525;12192;12230;2022-07-15 13:07;2022-07-18 09:20;COMPLETED;60025;C8X11.5;Channel;2988;11.34;203.2;2022-07-15 13:50;2022-07-15 14:02;12      ;2022-07-15;15;13:50:02;14:02:50;767.37;0
60025;9.525;9.525;12192;12230;2022-07-15 13:07;2022-07-18 09:20;COMPLETED;60025;C8X11.5;Channel;2988;11.34;203.2;2022-07-15 14:02;2022-07-15 14:09;7       ;2022-07-15;15;14:02:50;14:09:25;395.36;0
70019;9.525;9.525;12192;12238;2022-07-15 14:17;2022-07-18 09:20;COMPLETED;70019;C8X11.5;Channel;2988;11.34;203.2;2022-07-15 14:22;2022-07-15 14:29;7       ;2022-07-15;15;14:22:51;14:29:02;370.24;806.344
70019;9.525;9.525;12192;12238;2022-07-15 14:17;2022-07-18 09:20;COMPLETED;70019;C8X11.5;Channel;2988;11.34;203.2;2022-07-15 14:29;2022-07-15 14:35;6       ;2022-07-15;15;14:29:02;14:35:15;373.18;0
70019;9.525;9.525;12192;12238;2022-07-15 14:17;2022-07-18 09:20;COMPLETED;70019;C8X11.5;Channel;2988;11.34;203.2;2022-07-15 14:35;2022-07-15 14:42;7       ;2022-07-15;15;14:35:15;14:42:22;426.57;0
70019;9.525;9.525;12192;12238;2022-07-15 14:17;2022-07-18 09:20;COMPLETED;70019;C8X11.5;Channel;2988;11.34;203.2;2022-07-15 14:42;2022-07-15 14:49;7       ;2022-07-15;15;14:42:22;14:49:05;403.18;0
80019;9.525;9.525;12192;12245;2022-07-16 06:00;2022-07-18 09:20;COMPLETED;80019;C8X11.5;Channel;2988;11.34;203.2;2022-07-16 06:01;2022-07-16 06:09;8       ;2022-07-16;16;06:01:55;06:09:17;441.45;0
80019;9.525;9.525;12192;12245;2022-07-16 06:00;2022-07-18 09:20;COMPLETED;80019;C8X11.5;Channel;2988;11.34;203.2;2022-07-16 06:09;2022-07-16 06:15;6       ;2022-07-16;16;06:09:17;06:15:26;369.03;0
80019;9.525;9.525;12192;12245;2022-07-16 06:00;2022-07-18 09:20;COMPLETED;80019;C8X11.5;Channel;2988;11.34;203.2;2022-07-16 06:15;2022-07-16 06:27;12      ;2022-07-16;16;06:15:26;06:27:59;753.61;0
80019;9.525;9.525;12192;12245;2022-07-16 06:00;2022-07-18 09:20;COMPLETED;80019;C8X11.5;Channel;2988;11.34;203.2;2022-07-16 06:27;2022-07-16 06:36;9       ;2022-07-16;16;06:27:59;06:36:18;499.08;0
80020;9.525;9.525;12192;12228;2022-07-16 06:37;2022-07-18 09:20;COMPLETED;80020;C8X11.5;Channel;2988;11.34;203.2;2022-07-16 06:39;2022-07-16 06:49;10      ;2022-07-16;16;06:39:05;06:49:24;619.12;166.2909998
80020;9.525;9.525;12192;12228;2022-07-16 06:37;2022-07-18 09:20;COMPLETED;80020;C8X11.5;Channel;2988;11.34;203.2;2022-07-16 06:49;2022-07-16 06:56;7       ;2022-07-16;16;06:49:24;06:56:13;409.24;0
80020;9.525;9.525;12192;12228;2022-07-16 06:37;2022-07-18 09:20;COMPLETED;80020;C8X11.5;Channel;2988;11.34;203.2;2022-07-16 06:56;2022-07-16 07:03;7       ;2022-07-16;16;06:56:13;07:03:03;410.34;0
80020;9.525;9.525;12192;12228;2022-07-16 06:37;2022-07-18 09:20;COMPLETED;80020;C8X11.5;Channel;2988;11.34;203.2;2022-07-16 07:03;2022-07-16 07:10;7       ;2022-07-16;16;07:03:03;07:10:48;464.42;0
80022;9.525;9.525;12192;12239;2022-07-16 07:45;2022-07-18 09:20;COMPLETED;80022;C8X11.5;Channel;2988;11.34;203.2;2022-07-16 07:49;2022-07-16 07:55;6       ;2022-07-16;16;07:49:05;07:55:54;409.14;2296.858
80022;9.525;9.525;12192;12239;2022-07-16 07:45;2022-07-18 09:20;COMPLETED;80022;C8X11.5;Channel;2988;11.34;203.2;2022-07-16 07:55;2022-07-16 08:02;7       ;2022-07-16;16;07:55:54;08:02:56;422.36;0
80022;9.525;9.525;12192;12239;2022-07-16 07:45;2022-07-18 09:20;COMPLETED;80022;C8X11.5;Channel;2988;11.34;203.2;2022-07-16 08:02;2022-07-16 08:12;10      ;2022-07-16;16;08:02:56;08:12:51;595.14;0
80022;9.525;9.525;12192;12239;2022-07-16 07:45;2022-07-18 09:20;COMPLETED;80022;C8X11.5;Channel;2988;11.34;203.2;2022-07-16 08:12;2022-07-16 08:19;7       ;2022-07-16;16;08:12:51;08:19:41;409.18;0
80023;9.525;9.525;12192;12246;2022-07-16 08:20;2022-07-18 09:20;COMPLETED;80023;C8X11.5;Channel;2988;11.34;203.2;2022-07-16 08:22;2022-07-16 08:29;7       ;2022-07-16;16;08:22:00;08:29:38;457.78;139.8860001
80023;9.525;9.525;12192;12246;2022-07-16 08:20;2022-07-18 09:20;COMPLETED;80023;C8X11.5;Channel;2988;11.34;203.2;2022-07-16 08:29;2022-07-16 08:35;6       ;2022-07-16;16;08:29:38;08:35:41;362.35;0
80023;9.525;9.525;12192;12246;2022-07-16 08:20;2022-07-18 09:20;COMPLETED;80023;C8X11.5;Channel;2988;11.34;203.2;2022-07-16 08:35;2022-07-16 08:42;7       ;2022-07-16;16;08:35:41;08:42:37;416.41;0
80023;9.525;9.525;12192;12246;2022-07-16 08:20;2022-07-18 09:20;COMPLETED;80023;C8X11.5;Channel;2988;11.34;203.2;2022-07-16 08:42;2022-07-16 08:49;7       ;2022-07-16;16;08:42:37;08:49:02;385.23;0
80024;9.525;9.525;12192;12231;2022-07-16 08:50;2022-07-18 09:20;COMPLETED;80024;C8X11.5;Channel;2988;11.34;203.2;2022-07-16 08:51;2022-07-16 08:58;7       ;2022-07-16;16;08:51:32;08:58:37;424.79;149.9650002
80024;9.525;9.525;12192;12231;2022-07-16 08:50;2022-07-18 09:20;COMPLETED;80024;C8X11.5;Channel;2988;11.34;203.2;2022-07-16 08:58;2022-07-16 09:05;7       ;2022-07-16;16;08:58:37;09:05:06;388.84;0
80024;9.525;9.525;12192;12231;2022-07-16 08:50;2022-07-18 09:20;COMPLETED;80024;C8X11.5;Channel;2988;11.34;203.2;2022-07-16 09:05;2022-07-16 09:12;7       ;2022-07-16;16;09:05:06;09:12:50;463.74;0
80024;9.525;9.525;12192;12231;2022-07-16 08:50;2022-07-18 09:20;COMPLETED;80024;C8X11.5;Channel;2988;11.34;203.2;2022-07-16 09:12;2022-07-16 09:19;7       ;2022-07-16;16;09:12:50;09:19:10;380.33;0
80025;9.525;9.525;12192;12240;2022-07-16 09:19;2022-07-18 09:20;COMPLETED;80025;C8X11.5;Channel;2988;11.34;203.2;2022-07-16 09:21;2022-07-16 09:53;32      ;2022-07-16;16;09:21:14;09:53:17;1922.92;123.7130001
80025;9.525;9.525;12192;12240;2022-07-16 09:19;2022-07-18 09:20;COMPLETED;80025;C8X11.5;Channel;2988;11.34;203.2;2022-07-16 09:53;2022-07-16 09:59;6       ;2022-07-16;16;09:53:17;09:59:18;361.87;0
80025;9.525;9.525;12192;12240;2022-07-16 09:19;2022-07-18 09:20;COMPLETED;80025;C8X11.5;Channel;2988;11.34;203.2;2022-07-16 09:59;2022-07-16 10:07;8       ;2022-07-16;16;09:59:18;10:07:11;472.72;0
80025;9.525;9.525;12192;12240;2022-07-16 09:19;2022-07-18 09:20;COMPLETED;80025;C8X11.5;Channel;2988;11.34;203.2;2022-07-16 10:07;2022-07-16 10:13;6       ;2022-07-16;16;10:07:11;10:13:17;365.42;0
80026;9.525;9.525;12192;12239;2022-07-16 10:15;2022-07-18 09:20;COMPLETED;80026;C8X11.5;Channel;2988;11.34;203.2;2022-07-16 10:16;2022-07-16 10:25;9       ;2022-07-16;16;10:16:29;10:25:06;517.85;191.9519996
80026;9.525;9.525;12192;12239;2022-07-16 10:15;2022-07-18 09:20;COMPLETED;80026;C8X11.5;Channel;2988;11.34;203.2;2022-07-16 10:25;2022-07-16 10:31;6       ;2022-07-16;16;10:25:06;10:31:47;400.17;0
80026;9.525;9.525;12192;12239;2022-07-16 10:15;2022-07-18 09:20;COMPLETED;80026;C8X11.5;Channel;2988;11.34;203.2;2022-07-16 10:31;2022-07-16 10:41;10      ;2022-07-16;16;10:31:47;10:41:31;584.33;0
80026;9.525;9.525;12192;12239;2022-07-16 10:15;2022-07-18 09:20;COMPLETED;80026;C8X11.5;Channel;2988;11.34;203.2;2022-07-16 10:41;2022-07-16 10:48;7       ;2022-07-16;16;10:41:31;10:48:47;435.62;0
80027;9.525;9.525;12192;12238;2022-07-16 10:56;2022-07-18 09:20;COMPLETED;80027;C8X11.5;Channel;2988;11.34;203.2;2022-07-16 10:57;2022-07-16 11:06;9       ;2022-07-16;16;10:57:46;11:06:48;542.35;539.4190001
80027;9.525;9.525;12192;12238;2022-07-16 10:56;2022-07-18 09:20;COMPLETED;80027;C8X11.5;Channel;2988;11.34;203.2;2022-07-16 11:06;2022-07-16 11:15;9       ;2022-07-16;16;11:06:48;11:15:41;532.79;0
80027;9.525;9.525;12192;12238;2022-07-16 10:56;2022-07-18 09:20;COMPLETED;80027;C8X11.5;Channel;2988;11.34;203.2;2022-07-16 11:15;2022-07-16 11:28;13      ;2022-07-16;16;11:15:42;11:28:10;748.26;0
80028;9.525;9.525;12192;12245;2022-07-16 11:38;2022-07-18 09:20;COMPLETED;80028;C8X11.5;Channel;2988;11.34;203.2;2022-07-16 11:39;2022-07-16 11:46;7       ;2022-07-16;16;11:39:52;11:46:44;412.17;701.9320004
80028;9.525;9.525;12192;12245;2022-07-16 11:38;2022-07-18 09:20;COMPLETED;80028;C8X11.5;Channel;2988;11.34;203.2;2022-07-16 11:46;2022-07-16 11:52;6       ;2022-07-16;16;11:46:44;11:52:42;358.26;0
80028;9.525;9.525;12192;12245;2022-07-16 11:38;2022-07-18 09:20;COMPLETED;80028;C8X11.5;Channel;2988;11.34;203.2;2022-07-16 11:52;2022-07-16 11:59;7       ;2022-07-16;16;11:52:42;11:59:09;386.32;0
80028;9.525;9.525;12192;12245;2022-07-16 11:38;2022-07-18 09:20;COMPLETED;80028;C8X11.5;Channel;2988;11.34;203.2;2022-07-16 11:59;2022-07-16 12:42;43      ;2022-07-16;16;11:59:09;12:42:48;2619.61;0
80029;9.525;9.525;12192;12247;2022-07-16 12:43;2022-07-18 09:20;COMPLETED;80029;C8X11.5;Channel;2988;11.34;203.2;2022-07-16 12:45;2022-07-16 12:54;9       ;2022-07-16;16;12:45:15;12:54:29;554.38;146.5230001
80029;9.525;9.525;12192;12247;2022-07-16 12:43;2022-07-18 09:20;COMPLETED;80029;C8X11.5;Channel;2988;11.34;203.2;2022-07-16 12:54;2022-07-16 13:01;7       ;2022-07-16;16;12:54:29;13:01:11;401.87;0
80029;9.525;9.525;12192;12247;2022-07-16 12:43;2022-07-18 09:20;COMPLETED;80029;C8X11.5;Channel;2988;11.34;203.2;2022-07-16 13:01;2022-07-16 13:08;7       ;2022-07-16;16;13:01:11;13:08:43;451.74;0
80029;9.525;9.525;12192;12247;2022-07-16 12:43;2022-07-18 09:20;COMPLETED;80029;C8X11.5;Channel;2988;11.34;203.2;2022-07-16 13:08;2022-07-16 13:17;9       ;2022-07-16;16;13:08:43;13:17:35;531.65;0
80030;9.525;9.525;12192;12249;2022-07-16 13:18;2022-07-18 09:20;COMPLETED;80030;C8X11.5;Channel;2988;11.34;203.2;2022-07-16 13:20;2022-07-16 13:28;8       ;2022-07-16;16;13:20:02;13:28:16;493.25;147.602
80030;9.525;9.525;12192;12249;2022-07-16 13:18;2022-07-18 09:20;COMPLETED;80030;C8X11.5;Channel;2988;11.34;203.2;2022-07-16 13:28;2022-07-16 13:36;8       ;2022-07-16;16;13:28:16;13:36:32;496.74;0
80030;9.525;9.525;12192;12249;2022-07-16 13:18;2022-07-18 09:20;COMPLETED;80030;C8X11.5;Channel;2988;11.34;203.2;2022-07-16 13:36;2022-07-16 13:43;7       ;2022-07-16;16;13:36:32;13:43:11;398.89;0
80030;9.525;9.525;12192;12249;2022-07-16 13:18;2022-07-18 09:20;COMPLETED;80030;C8X11.5;Channel;2988;11.34;203.2;2022-07-16 13:43;2022-07-16 13:55;12      ;2022-07-16;16;13:43:11;13:55:17;725.45;0
80031;9.525;9.525;12192;12232;2022-07-16 13:56;2022-07-18 09:20;COMPLETED;80031;C8X11.5;Channel;2988;11.34;203.2;2022-07-16 13:57;2022-07-16 14:05;8       ;2022-07-16;16;13:57:27;14:05:12;464.85;130.2690002
80031;9.525;9.525;12192;12232;2022-07-16 13:56;2022-07-18 09:20;COMPLETED;80031;C8X11.5;Channel;2988;11.34;203.2;2022-07-16 14:05;2022-07-16 14:11;6       ;2022-07-16;16;14:05:12;14:11:32;379.87;0
80031;9.525;9.525;12192;12232;2022-07-16 13:56;2022-07-18 09:20;COMPLETED;80031;C8X11.5;Channel;2988;11.34;203.2;2022-07-16 14:11;2022-07-16 14:20;9       ;2022-07-16;16;14:11:32;14:20:44;552.01;0
80031;9.525;9.525;12192;12232;2022-07-16 13:56;2022-07-18 09:20;COMPLETED;80031;C8X11.5;Channel;2988;11.34;203.2;2022-07-16 14:20;2022-07-16 14:27;7       ;2022-07-16;16;14:20:44;14:27:29;404.32;0
80032;9.525;9.525;12192;12245;2022-07-16 14:28;2022-07-18 09:20;COMPLETED;80032;C8X11.5;Channel;2988;11.34;203.2;2022-07-16 14:30;2022-07-16 14:37;7       ;2022-07-16;16;14:30:08;14:37:04;415.94;159.5810005
80032;9.525;9.525;12192;12245;2022-07-16 14:28;2022-07-18 09:20;COMPLETED;80032;C8X11.5;Channel;2988;11.34;203.2;2022-07-16 14:37;2022-07-16 14:46;9       ;2022-07-16;16;14:37:04;14:46:02;538.01;0
80032;9.525;9.525;12192;12245;2022-07-16 14:28;2022-07-18 09:20;COMPLETED;80032;C8X11.5;Channel;2988;11.34;203.2;2022-07-16 14:46;2022-07-16 14:52;6       ;2022-07-16;16;14:46:02;14:52:29;387.14;0
80032;9.525;9.525;12192;12245;2022-07-16 14:28;2022-07-18 09:20;COMPLETED;80032;C8X11.5;Channel;2988;11.34;203.2;2022-07-16 14:52;2022-07-16 14:58;6       ;2022-07-16;16;14:52:29;14:58:36;367.03;0
80033;9.525;9.525;12192;12243;2022-07-16 14:59;2022-07-18 09:20;COMPLETED;80033;C8X11.5;Channel;2988;11.34;203.2;2022-07-16 15:01;2022-07-16 15:08;7       ;2022-07-16;16;15:01:02;15:08:27;445.22;145.214
80033;9.525;9.525;12192;12243;2022-07-16 14:59;2022-07-18 09:20;COMPLETED;80033;C8X11.5;Channel;2988;11.34;203.2;2022-07-16 15:08;2022-07-16 15:14;6       ;2022-07-16;16;15:08:27;15:14:37;369.63;0
80033;9.525;9.525;12192;12243;2022-07-16 14:59;2022-07-18 09:20;COMPLETED;80033;C8X11.5;Channel;2988;11.34;203.2;2022-07-16 15:14;2022-07-16 15:21;7       ;2022-07-16;16;15:14:37;15:21:17;399.56;0
80033;9.525;9.525;12192;12243;2022-07-16 14:59;2022-07-18 09:20;COMPLETED;80033;C8X11.5;Channel;2988;11.34;203.2;2022-07-16 15:21;2022-07-16 15:30;9       ;2022-07-16;16;15:21:17;15:30:42;565.80;0
90019;9.525;9.525;12192;12233;2022-07-17 05:59;2022-07-18 09:20;COMPLETED;90019;C8X11.5;Channel;2988;11.34;203.2;2022-07-17 06:00;2022-07-17 06:09;9       ;2022-07-17;17;06:00:40;06:09:34;533.96;0
90019;9.525;9.525;12192;12233;2022-07-17 05:59;2022-07-18 09:20;COMPLETED;90019;C8X11.5;Channel;2988;11.34;203.2;2022-07-17 06:09;2022-07-17 06:15;6       ;2022-07-17;17;06:09:34;06:15:57;382.78;0
90019;9.525;9.525;12192;12233;2022-07-17 05:59;2022-07-18 09:20;COMPLETED;90019;C8X11.5;Channel;2988;11.34;203.2;2022-07-17 06:15;2022-07-17 06:22;7       ;2022-07-17;17;06:15:57;06:22:34;397.22;0
90019;9.525;9.525;12192;12233;2022-07-17 05:59;2022-07-18 09:20;COMPLETED;90019;C8X11.5;Channel;2988;11.34;203.2;2022-07-17 06:22;2022-07-17 06:29;7       ;2022-07-17;17;06:22:34;06:29:04;389.49;0
90020;9.525;9.525;12192;12245;2022-07-17 06:34;2022-07-18 09:20;COMPLETED;90020;C8X11.5;Channel;2988;11.34;203.2;2022-07-17 06:35;2022-07-17 06:43;8       ;2022-07-17;17;06:35:50;06:43:03;433.08;406.1760005
90020;9.525;9.525;12192;12245;2022-07-17 06:34;2022-07-18 09:20;COMPLETED;90020;C8X11.5;Channel;2988;11.34;203.2;2022-07-17 06:43;2022-07-17 06:49;6       ;2022-07-17;17;06:43:03;06:49:45;401.95;0
90020;9.525;9.525;12192;12245;2022-07-17 06:34;2022-07-18 09:20;COMPLETED;90020;C8X11.5;Channel;2988;11.34;203.2;2022-07-17 06:49;2022-07-17 06:57;8       ;2022-07-17;17;06:49:45;06:57:31;466.20;0
90020;9.525;9.525;12192;12245;2022-07-17 06:34;2022-07-18 09:20;COMPLETED;90020;C8X11.5;Channel;2988;11.34;203.2;2022-07-17 06:57;2022-07-17 07:04;7       ;2022-07-17;17;06:57:31;07:04:31;419.99;0
90021;9.525;9.525;12192;12240;2022-07-17 07:08;2022-07-18 09:20;COMPLETED;90021;C8X11.5;Channel;2988;11.34;203.2;2022-07-17 07:09;2022-07-17 07:17;8       ;2022-07-17;17;07:09:22;07:17:21;478.24;291.0129998
90021;9.525;9.525;12192;12240;2022-07-17 07:08;2022-07-18 09:20;COMPLETED;90021;C8X11.5;Channel;2988;11.34;203.2;2022-07-17 07:17;2022-07-17 07:23;6       ;2022-07-17;17;07:17:21;07:23:46;385.27;0
90021;9.525;9.525;12192;12240;2022-07-17 07:08;2022-07-18 09:20;COMPLETED;90021;C8X11.5;Channel;2988;11.34;203.2;2022-07-17 07:23;2022-07-17 07:30;7       ;2022-07-17;17;07:23:46;07:30:32;405.54;0
90021;9.525;9.525;12192;12240;2022-07-17 07:08;2022-07-18 09:20;COMPLETED;90021;C8X11.5;Channel;2988;11.34;203.2;2022-07-17 07:30;2022-07-17 07:37;7       ;2022-07-17;17;07:30:32;07:37:04;392.38;0
90023;9.525;9.525;12192;12244;2022-07-17 07:38;2022-07-18 09:20;COMPLETED;90023;C8X11.5;Channel;2988;11.34;203.2;2022-07-17 07:40;2022-07-17 07:48;8       ;2022-07-17;17;07:40:54;07:48:15;440.98;229.1849996
90023;9.525;9.525;12192;12244;2022-07-17 07:38;2022-07-18 09:20;COMPLETED;90023;C8X11.5;Channel;2988;11.34;203.2;2022-07-17 07:48;2022-07-17 07:55;7       ;2022-07-17;17;07:48:15;07:55:37;442.21;0
90023;9.525;9.525;12192;12244;2022-07-17 07:38;2022-07-18 09:20;COMPLETED;90023;C8X11.5;Channel;2988;11.34;203.2;2022-07-17 07:55;2022-07-17 08:01;6       ;2022-07-17;17;07:55:37;08:01:45;368.39;0
90023;9.525;9.525;12192;12244;2022-07-17 07:38;2022-07-18 09:20;COMPLETED;90023;C8X11.5;Channel;2988;11.34;203.2;2022-07-17 08:01;2022-07-17 08:07;6       ;2022-07-17;17;08:01:45;08:07:50;364.79;0
90024;9.525;9.525;12192;12230;2022-07-17 07:38;2022-07-18 09:20;COMPLETED;90024;C8X11.5;Channel;2988;11.34;203.2;2022-07-17 08:16;2022-07-17 08:23;7       ;2022-07-17;17;08:16:33;08:23:12;399.03;523.1699998
90024;9.525;9.525;12192;12230;2022-07-17 07:38;2022-07-18 09:20;COMPLETED;90024;C8X11.5;Channel;2988;11.34;203.2;2022-07-17 08:23;2022-07-17 08:30;7       ;2022-07-17;17;08:23:12;08:30:07;414.56;0
90024;9.525;9.525;12192;12230;2022-07-17 07:38;2022-07-18 09:20;COMPLETED;90024;C8X11.5;Channel;2988;11.34;203.2;2022-07-17 08:30;2022-07-17 08:36;6       ;2022-07-17;17;08:30:07;08:36:31;384.60;0
90024;9.525;9.525;12192;12230;2022-07-17 07:38;2022-07-18 09:20;COMPLETED;90024;C8X11.5;Channel;2988;11.34;203.2;2022-07-17 08:36;2022-07-17 08:44;8       ;2022-07-17;17;08:36:31;08:44:29;477.66;0
90025;9.525;9.525;12192;12232;2022-07-17 07:38;2022-07-18 09:20;COMPLETED;90025;C8X11.5;Channel;2988;11.34;203.2;2022-07-17 08:46;2022-07-17 08:55;9       ;2022-07-17;17;08:46:45;08:55:45;539.34;136.2220005
90025;9.525;9.525;12192;12232;2022-07-17 07:38;2022-07-18 09:20;COMPLETED;90025;C8X11.5;Channel;2988;11.34;203.2;2022-07-17 08:55;2022-07-17 09:02;7       ;2022-07-17;17;08:55:45;09:02:52;427.19;0
90025;9.525;9.525;12192;12232;2022-07-17 07:38;2022-07-18 09:20;COMPLETED;90025;C8X11.5;Channel;2988;11.34;203.2;2022-07-17 09:02;2022-07-17 09:10;8       ;2022-07-17;17;09:02:52;09:10:10;437.99;0
90025;9.525;9.525;12192;12232;2022-07-17 07:38;2022-07-18 09:20;COMPLETED;90025;C8X11.5;Channel;2988;11.34;203.2;2022-07-17 09:10;2022-07-17 09:17;7       ;2022-07-17;17;09:10:10;09:17:33;443.41;0
90026;9.525;9.525;12192;12243;2022-07-17 07:38;2022-07-18 09:20;COMPLETED;90026;C8X11.5;Channel;2988;11.34;203.2;2022-07-17 09:22;2022-07-17 09:54;32      ;2022-07-17;17;09:22:24;09:54:48;1944.13;290.911
90026;9.525;9.525;12192;12243;2022-07-17 07:38;2022-07-18 09:20;COMPLETED;90026;C8X11.5;Channel;2988;11.34;203.2;2022-07-17 09:54;2022-07-17 10:00;6       ;2022-07-17;17;09:54:48;10:00:47;358.79;0
90026;9.525;9.525;12192;12243;2022-07-17 07:38;2022-07-18 09:20;COMPLETED;90026;C8X11.5;Channel;2988;11.34;203.2;2022-07-17 10:00;2022-07-17 10:06;6       ;2022-07-17;17;10:00:47;10:06:50;362.91;0
90026;9.525;9.525;12192;12243;2022-07-17 07:38;2022-07-18 09:20;COMPLETED;90026;C8X11.5;Channel;2988;11.34;203.2;2022-07-17 10:06;2022-07-17 10:13;6       ;2022-07-17;17;10:06:50;10:13:00;369.53;0
90027;9.525;9.525;12192;12242;2022-07-17 07:39;2022-07-18 09:20;COMPLETED;90027;C8X11.5;Channel;2988;11.34;203.2;2022-07-17 10:15;2022-07-17 10:21;6       ;2022-07-17;17;10:15:03;10:21:06;363.55;123.0790001
90027;9.525;9.525;12192;12242;2022-07-17 07:39;2022-07-18 09:20;COMPLETED;90027;C8X11.5;Channel;2988;11.34;203.2;2022-07-17 10:21;2022-07-17 10:27;6       ;2022-07-17;17;10:21:06;10:27:07;361.20;0
90027;9.525;9.525;12192;12242;2022-07-17 07:39;2022-07-18 09:20;COMPLETED;90027;C8X11.5;Channel;2988;11.34;203.2;2022-07-17 10:27;2022-07-17 10:33;6       ;2022-07-17;17;10:27:08;10:33:13;365.36;0
90027;9.525;9.525;12192;12242;2022-07-17 07:39;2022-07-18 09:20;COMPLETED;90027;C8X11.5;Channel;2988;11.34;203.2;2022-07-17 10:33;2022-07-17 10:39;6       ;2022-07-17;17;10:33:13;10:39:17;364.21;0
90028;9.525;9.525;12192;12242;2022-07-17 07:39;2022-07-18 09:20;COMPLETED;90028;C8X11.5;Channel;2988;11.34;203.2;2022-07-17 10:41;2022-07-17 10:47;6       ;2022-07-17;17;10:41:18;10:47:26;367.26;121.1650005
90028;9.525;9.525;12192;12242;2022-07-17 07:39;2022-07-18 09:20;COMPLETED;90028;C8X11.5;Channel;2988;11.34;203.2;2022-07-17 10:47;2022-07-17 10:53;6       ;2022-07-17;17;10:47:26;10:53:26;360.53;0
90028;9.525;9.525;12192;12242;2022-07-17 07:39;2022-07-18 09:20;COMPLETED;90028;C8X11.5;Channel;2988;11.34;203.2;2022-07-17 10:53;2022-07-17 11:05;12      ;2022-07-17;17;10:53:26;11:05:00;694.17;0
90028;9.525;9.525;12192;12242;2022-07-17 07:39;2022-07-18 09:20;COMPLETED;90028;C8X11.5;Channel;2988;11.34;203.2;2022-07-17 11:05;2022-07-17 11:11;6       ;2022-07-17;17;11:05:00;11:11:15;374.44;0
90029;9.525;9.525;12192;12233;2022-07-17 07:39;2022-07-18 09:20;COMPLETED;90029;C8X11.5;Channel;2988;11.34;203.2;2022-07-17 11:13;2022-07-17 11:20;7       ;2022-07-17;17;11:13:34;11:20:06;391.82;139.7280002
90029;9.525;9.525;12192;12233;2022-07-17 07:39;2022-07-18 09:20;COMPLETED;90029;C8X11.5;Channel;2988;11.34;203.2;2022-07-17 11:20;2022-07-17 11:26;6       ;2022-07-17;17;11:20:06;11:26:10;364.14;0
90029;9.525;9.525;12192;12233;2022-07-17 07:39;2022-07-18 09:20;COMPLETED;90029;C8X11.5;Channel;2988;11.34;203.2;2022-07-17 11:26;2022-07-17 11:32;6       ;2022-07-17;17;11:26:10;11:32:15;364.82;0
90029;9.525;9.525;12192;12233;2022-07-17 07:39;2022-07-18 09:20;COMPLETED;90029;C8X11.5;Channel;2988;11.34;203.2;2022-07-17 11:32;2022-07-17 11:38;6       ;2022-07-17;17;11:32:15;11:38:24;368.44;0
90030;9.525;9.525;12192;12233;2022-07-17 07:39;2022-07-18 09:20;COMPLETED;90030;C8X11.5;Channel;2988;11.34;203.2;2022-07-17 11:44;2022-07-17 11:53;9       ;2022-07-17;17;11:44:21;11:53:29;547.20;357.5620002
90030;9.525;9.525;12192;12233;2022-07-17 07:39;2022-07-18 09:20;COMPLETED;90030;C8X11.5;Channel;2988;11.34;203.2;2022-07-17 11:53;2022-07-17 11:59;6       ;2022-07-17;17;11:53:29;11:59:30;361.20;0
90030;9.525;9.525;12192;12233;2022-07-17 07:39;2022-07-18 09:20;COMPLETED;90030;C8X11.5;Channel;2988;11.34;203.2;2022-07-17 11:59;2022-07-17 12:36;37      ;2022-07-17;17;11:59:30;12:36:36;2225.48;0
90030;9.525;9.525;12192;12233;2022-07-17 07:39;2022-07-18 09:20;COMPLETED;90030;C8X11.5;Channel;2988;11.34;203.2;2022-07-17 12:36;2022-07-17 12:42;6       ;2022-07-17;17;12:36:36;12:42:51;375.50;0
90033;9.525;9.525;12192;12241;2022-07-17 13:46;2022-07-18 09:20;COMPLETED;90033;W12X40;H-Beam;10033;38.73;302.26;2022-07-17 13:50;2022-07-17 14:18;28      ;2022-07-17;17;13:50:37;14:18:35;1677.67;4065.662
90034;9.525;9.525;12192;12234;2022-07-17 14:45;2022-07-18 10:20;COMPLETED;90034;C8X11.5;Channel;2988;11.34;203.2;2022-07-17 14:47;2022-07-17 14:53;6       ;2022-07-17;17;14:47:44;14:53:52;368.43;1748.971
90034;9.525;9.525;12192;12234;2022-07-17 14:45;2022-07-18 10:20;COMPLETED;90034;C8X11.5;Channel;2988;11.34;203.2;2022-07-17 14:53;2022-07-17 15:01;8       ;2022-07-17;17;14:53:52;15:01:08;436.06;0
90034;9.525;9.525;12192;12234;2022-07-17 14:45;2022-07-18 10:20;COMPLETED;90034;C8X11.5;Channel;2988;11.34;203.2;2022-07-17 15:01;2022-07-17 15:07;6       ;2022-07-17;17;15:01:08;15:07:10;361.84;0
90034;9.525;9.525;12192;12234;2022-07-17 14:45;2022-07-18 10:20;COMPLETED;90034;C8X11.5;Channel;2988;11.34;203.2;2022-07-17 15:07;2022-07-17 15:17;10      ;2022-07-17;17;15:07:10;15:17:08;597.58;0
90035;9.525;9.525;12192;12225;2022-07-17 14:45;2022-07-18 10:20;COMPLETED;90035;C8X11.5;Channel;2988;11.34;203.2;2022-07-17 15:21;2022-07-17 15:31;10      ;2022-07-17;17;15:21:51;15:31:25;573.63;283.7960002
90035;9.525;9.525;12192;12225;2022-07-17 14:45;2022-07-18 10:20;COMPLETED;90035;C8X11.5;Channel;2988;11.34;203.2;2022-07-17 15:31;2022-07-17 15:37;6       ;2022-07-17;17;15:31:25;15:37:32;366.62;0
90035;9.525;9.525;12192;12225;2022-07-17 14:45;2022-07-18 10:20;COMPLETED;90035;C8X11.5;Channel;2988;11.34;203.2;2022-07-17 15:37;2022-07-17 15:43;6       ;2022-07-17;17;15:37:32;15:43:31;359.42;0
90035;9.525;9.525;12192;12225;2022-07-17 14:45;2022-07-18 10:20;COMPLETED;90035;C8X11.5;Channel;2988;11.34;203.2;2022-07-17 15:43;2022-07-17 15:50;7       ;2022-07-17;17;15:43:31;15:50:13;401.95;0
90036;9.525;9.525;12192;12223;2022-07-17 14:45;2022-07-18 10:20;COMPLETED;90036;C8X11.5;Channel;2988;11.34;203.2;2022-07-17 16:02;2022-07-17 16:08;6       ;2022-07-17;17;16:02:30;16:08:32;361.75;736.8099997
90036;9.525;9.525;12192;12223;2022-07-17 14:45;2022-07-18 10:20;COMPLETED;90036;C8X11.5;Channel;2988;11.34;203.2;2022-07-17 16:08;2022-07-17 16:15;7       ;2022-07-17;17;16:08:32;16:15:21;409.20;0
90036;9.525;9.525;12192;12223;2022-07-17 14:45;2022-07-18 10:20;COMPLETED;90036;C8X11.5;Channel;2988;11.34;203.2;2022-07-17 16:15;2022-07-17 16:23;8       ;2022-07-17;17;16:15:21;16:23:04;463.73;0
90036;9.525;9.525;12192;12223;2022-07-17 14:45;2022-07-18 10:20;COMPLETED;90036;C8X11.5;Channel;2988;11.34;203.2;2022-07-17 16:23;2022-07-17 16:29;6       ;2022-07-17;17;16:23:05;16:29:14;369.03;0
90037;9.525;9.525;12192;12240;2022-07-17 14:46;2022-07-18 10:20;COMPLETED;90037;C8X11.5;Channel;2988;11.34;203.2;2022-07-17 16:34;2022-07-17 16:40;6       ;2022-07-17;17;16:34:02;16:40:08;366.07;288.5620004
90037;9.525;9.525;12192;12240;2022-07-17 14:46;2022-07-18 10:20;COMPLETED;90037;C8X11.5;Channel;2988;11.34;203.2;2022-07-17 16:40;2022-07-17 16:46;6       ;2022-07-17;17;16:40:08;16:46:30;382.21;0
90037;9.525;9.525;12192;12240;2022-07-17 14:46;2022-07-18 10:20;COMPLETED;90037;C8X11.5;Channel;2988;11.34;203.2;2022-07-17 16:46;2022-07-17 16:52;6       ;2022-07-17;17;16:46:30;16:52:37;366.52;0
90037;9.525;9.525;12192;12240;2022-07-17 14:46;2022-07-18 10:20;COMPLETED;90037;C8X11.5;Channel;2988;11.34;203.2;2022-07-17 16:52;2022-07-17 16:58;6       ;2022-07-17;17;16:52:37;16:58:44;367.21;0
90038;9.525;9.525;12192;12236;2022-07-17 14:46;2022-07-18 10:20;COMPLETED;90038;C8X11.5;Channel;2988;11.34;203.2;2022-07-18 07:48;2022-07-18 07:54;7       ;2022-07-18;18;07:48:00;07:54:58;417.59;0
90038;9.525;9.525;12192;12236;2022-07-17 14:46;2022-07-18 10:20;COMPLETED;90038;C8X11.5;Channel;2988;11.34;203.2;2022-07-18 07:54;2022-07-18 08:09;15      ;2022-07-18;18;07:54:58;08:09:58;900.01;0
90038;9.525;9.525;12192;12236;2022-07-17 14:46;2022-07-18 10:20;COMPLETED;90038;C8X11.5;Channel;2988;11.34;203.2;2022-07-18 08:09;2022-07-18 08:17;8       ;2022-07-18;18;08:09:58;08:17:41;463.16;0
90038;9.525;9.525;12192;12236;2022-07-17 14:46;2022-07-18 10:20;COMPLETED;90038;C8X11.5;Channel;2988;11.34;203.2;2022-07-18 08:17;2022-07-18 08:24;7       ;2022-07-18;18;08:17:41;08:24:58;437.44;0
90039;9.525;9.525;12192;12234;2022-07-17 16:32;2022-07-18 10:20;COMPLETED;90039;C8X11.5;Channel;2988;11.34;203.2;2022-07-18 08:27;2022-07-18 08:39;12      ;2022-07-18;18;08:27:24;08:39:54;750.50;145.855
90039;9.525;9.525;12192;12234;2022-07-17 16:32;2022-07-18 10:20;COMPLETED;90039;C8X11.5;Channel;2988;11.34;203.2;2022-07-18 08:39;2022-07-18 08:48;9       ;2022-07-18;18;08:39:54;08:48:56;541.25;0
90039;9.525;9.525;12192;12234;2022-07-17 16:32;2022-07-18 10:20;COMPLETED;90039;C8X11.5;Channel;2988;11.34;203.2;2022-07-18 08:48;2022-07-18 08:57;9       ;2022-07-18;18;08:48:56;08:57:48;532.63;0
90039;9.525;9.525;12192;12234;2022-07-17 16:32;2022-07-18 10:20;COMPLETED;90039;C8X11.5;Channel;2988;11.34;203.2;2022-07-18 08:57;2022-07-18 09:04;7       ;2022-07-18;18;08:57:49;09:04:36;407.19;0
90040;9.525;9.525;12192;12234;2022-07-17 16:59;2022-07-18 10:20;COMPLETED;90040;C8X11.5;Channel;2988;11.34;203.2;2022-07-18 09:50;2022-07-18 09:57;7       ;2022-07-18;18;09:50:38;09:57:35;417.67;2761.906
90040;9.525;9.525;12192;12234;2022-07-17 16:59;2022-07-18 10:20;COMPLETED;90040;C8X11.5;Channel;2988;11.34;203.2;2022-07-18 09:57;2022-07-18 10:06;9       ;2022-07-18;18;09:57:35;10:06:02;506.35;0
90040;9.525;9.525;12192;12234;2022-07-17 16:59;2022-07-18 10:20;COMPLETED;90040;C8X11.5;Channel;2988;11.34;203.2;2022-07-18 10:06;2022-07-18 10:12;6       ;2022-07-18;18;10:06:02;10:12:10;368.37;0
90040;9.525;9.525;12192;12234;2022-07-17 16:59;2022-07-18 10:20;COMPLETED;90040;C8X11.5;Channel;2988;11.34;203.2;2022-07-18 10:12;2022-07-18 10:18;6       ;2022-07-18;18;10:12:10;10:18:47;397.19;0
100019;9.525;9.525;12192;12230;2022-07-18 10:20;2022-07-18 15:09;COMPLETED;100019;C8X11.5;Channel;2988;11.34;203.2;2022-07-18 10:23;2022-07-18 10:29;6       ;2022-07-18;18;10:23:24;10:29:37;373.23;276.5679999
100019;9.525;9.525;12192;12230;2022-07-18 10:20;2022-07-18 15:09;COMPLETED;100019;C8X11.5;Channel;2988;11.34;203.2;2022-07-18 10:29;2022-07-18 10:35;6       ;2022-07-18;18;10:29:37;10:35:50;373.13;0
100019;9.525;9.525;12192;12230;2022-07-18 10:20;2022-07-18 15:09;COMPLETED;100019;C8X11.5;Channel;2988;11.34;203.2;2022-07-18 10:35;2022-07-18 10:42;7       ;2022-07-18;18;10:35:50;10:42:06;375.67;0
100019;9.525;9.525;12192;12230;2022-07-18 10:20;2022-07-18 15:09;COMPLETED;100019;C8X11.5;Channel;2988;11.34;203.2;2022-07-18 10:42;2022-07-18 10:48;6       ;2022-07-18;18;10:42:06;10:48:44;397.81;0
100020;9.525;9.525;12192;12231;2022-07-18 10:20;2022-07-18 15:09;COMPLETED;100020;C8X11.5;Channel;2988;11.34;203.2;2022-07-18 11:27;2022-07-18 11:33;6       ;2022-07-18;18;11:27:05;11:33:13;368.13;2301.626
100020;9.525;9.525;12192;12231;2022-07-18 10:20;2022-07-18 15:09;COMPLETED;100020;C8X11.5;Channel;2988;11.34;203.2;2022-07-18 11:33;2022-07-18 11:39;6       ;2022-07-18;18;11:33:14;11:39:16;362.40;0
100020;9.525;9.525;12192;12231;2022-07-18 10:20;2022-07-18 15:09;COMPLETED;100020;C8X11.5;Channel;2988;11.34;203.2;2022-07-18 11:39;2022-07-18 11:45;6       ;2022-07-18;18;11:39:16;11:45:26;369.60;0
100020;9.525;9.525;12192;12231;2022-07-18 10:20;2022-07-18 15:09;COMPLETED;100020;C8X11.5;Channel;2988;11.34;203.2;2022-07-18 11:45;2022-07-18 11:54;9       ;2022-07-18;18;11:45:26;11:54:17;531.38;0
100021;9.525;9.525;12192;12239;2022-07-18 10:20;2022-07-18 15:09;COMPLETED;100021;C8X11.5;Channel;2988;11.34;203.2;2022-07-18 12:35;2022-07-18 12:41;6       ;2022-07-18;18;12:35:25;12:41:44;378.97;2468.066
100021;9.525;9.525;12192;12239;2022-07-18 10:20;2022-07-18 15:09;COMPLETED;100021;C8X11.5;Channel;2988;11.34;203.2;2022-07-18 12:41;2022-07-18 12:48;7       ;2022-07-18;18;12:41:44;12:48:42;417.62;0
100021;9.525;9.525;12192;12239;2022-07-18 10:20;2022-07-18 15:09;COMPLETED;100021;C8X11.5;Channel;2988;11.34;203.2;2022-07-18 12:48;2022-07-18 12:56;8       ;2022-07-18;18;12:48:42;12:56:23;461.42;0
100021;9.525;9.525;12192;12239;2022-07-18 10:20;2022-07-18 15:09;COMPLETED;100021;C8X11.5;Channel;2988;11.34;203.2;2022-07-18 12:56;2022-07-18 13:03;7       ;2022-07-18;18;12:56:23;13:03:02;398.37;0
100022;9.525;9.525;12192;12229;2022-07-18 10:20;2022-07-18 15:09;COMPLETED;100022;C8X11.5;Channel;2988;11.34;203.2;2022-07-18 14:04;2022-07-18 14:10;6       ;2022-07-18;18;14:04:23;14:10:25;361.13;3681.672
100022;9.525;9.525;12192;12229;2022-07-18 10:20;2022-07-18 15:09;COMPLETED;100022;C8X11.5;Channel;2988;11.34;203.2;2022-07-18 14:10;2022-07-18 14:16;6       ;2022-07-18;18;14:10:25;14:16:37;372.01;0
100022;9.525;9.525;12192;12229;2022-07-18 10:20;2022-07-18 15:09;COMPLETED;100022;C8X11.5;Channel;2988;11.34;203.2;2022-07-18 14:16;2022-07-18 14:22;6       ;2022-07-18;18;14:16:37;14:22:43;366.04;0
100022;9.525;9.525;12192;12229;2022-07-18 10:20;2022-07-18 15:09;COMPLETED;100022;C8X11.5;Channel;2988;11.34;203.2;2022-07-18 14:22;2022-07-18 14:29;7       ;2022-07-18;18;14:22:43;14:29:24;401.39;0
100023;9.525;9.525;12192;12240;2022-07-18 10:20;2022-07-18 15:09;COMPLETED;100023;C8X11.5;Channel;2988;11.34;203.2;2022-07-18 14:33;2022-07-18 14:39;6       ;2022-07-18;18;14:33:02;14:39:07;365.12;218.4100002
100023;9.525;9.525;12192;12240;2022-07-18 10:20;2022-07-18 15:09;COMPLETED;100023;C8X11.5;Channel;2988;11.34;203.2;2022-07-18 14:39;2022-07-18 14:45;6       ;2022-07-18;18;14:39:08;14:45:09;361.05;0
100023;9.525;9.525;12192;12240;2022-07-18 10:20;2022-07-18 15:09;COMPLETED;100023;C8X11.5;Channel;2988;11.34;203.2;2022-07-18 14:45;2022-07-18 15:02;17      ;2022-07-18;18;14:45:09;15:02:07;1018.01;0
100023;9.525;9.525;12192;12240;2022-07-18 10:20;2022-07-18 15:09;COMPLETED;100023;C8X11.5;Channel;2988;11.34;203.2;2022-07-18 15:02;2022-07-18 15:08;6       ;2022-07-18;18;15:02:07;15:08:45;398.26;0
